{"name": "single_scale_mid", "description": "Single scale (mid only)", "for_eer": 0.05631774537430487, "for_auc": 0.9869758353088518, "for_f1": 0.9366515837104072, "itw_eer": 0.2951702864246045, "itw_auc": 0.7527478602849258, "itw_f1": 0.17028051554207732, "gen_gap_eer": 0.23885254105029965, "disc_acc_final": 0.603671875, "disc_acc_mean": 0.5418142361111111, "disc_acc_deviation": 0.10367187499999997}