{"name": "no_mixstyle", "description": "No MixStyle domain augmentation", "for_eer": 0.10834199952289364, "for_auc": 0.9650043890056805, "for_f1": 0.841333690891213, "itw_eer": 0.20066568183298886, "itw_auc": 0.8839222716901012, "itw_f1": 0.70657170278325, "gen_gap_eer": 0.09232368231009522, "disc_acc_final": 0.485, "disc_acc_mean": 0.5564583333333334, "disc_acc_deviation": 0.015000000000000013}