{"name": "no_consistency", "description": "No consistency loss (lambda_c=0)", "for_eer": 0.05567495638949768, "for_auc": 0.9704580081182628, "for_f1": 0.9429996815624668, "itw_eer": 0.14761928304668986, "itw_auc": 0.927852230332954, "itw_f1": 0.6930999519718235, "gen_gap_eer": 0.09194432665719218, "disc_acc_final": 0.512734375, "disc_acc_mean": 0.5776742788461539, "disc_acc_deviation": 0.012734374999999964}